Name,Image,Buy,Sell,Color 1,Color 2,Size,Source,Source Notes,Version,Catalog,Filename,Internal ID
Admiral's poster,,1000,250,Green,Blue,1x1,Amiibo,"In the Special Items section in Nook Shopping, after scanning the related Amiibo on Photopia",1.0.0,For sale,PosterNpcNmlBrd06,10814
Agent S's poster,,1000,250,Blue,Gray,1x1,Amiibo,"In the Special Items section in Nook Shopping, after scanning the related Amiibo on Photopia",1.0.0,For sale,PosterNpcNmlSqu05,10425
Agnes's poster,,1000,250,Pink,Black,1x1,Amiibo,"In the Special Items section in Nook Shopping, after scanning the related Amiibo on Photopia",1.0.0,For sale,PosterNpcNmlPig17,10401
Al's poster,,1000,250,Red,Light blue,1x1,Amiibo,"In the Special Items section in Nook Shopping, after scanning the related Amiibo on Photopia",1.0.0,For sale,PosterNpcNmlGor08,10590
Alfonso's poster,,1000,250,Orange,Red,1x1,Amiibo,"In the Special Items section in Nook Shopping, after scanning the related Amiibo on Photopia",1.0.0,For sale,PosterNpcNmlCrd00,10382
Alice's poster,,1000,250,Beige,White,1x1,Amiibo,"In the Special Items section in Nook Shopping, after scanning the related Amiibo on Photopia",1.0.0,For sale,PosterNpcNmlKal01,10411
Alli's poster,,1000,250,Light blue,Red,1x1,Amiibo,"In the Special Items section in Nook Shopping, after scanning the related Amiibo on Photopia",1.0.0,For sale,PosterNpcNmlCrd01,10655
Amelia's poster,,1000,250,Red,White,1x1,Amiibo,"In the Special Items section in Nook Shopping, after scanning the related Amiibo on Photopia",1.0.0,For sale,PosterNpcNmlPbr01,10687
Anabelle's poster,,1000,250,Yellow,Blue,1x1,Amiibo,"In the Special Items section in Nook Shopping, after scanning the related Amiibo on Photopia",1.0.0,For sale,PosterNpcNmlAnt03,10800
Anchovy's poster,,1000,250,Brown,Light blue,1x1,Amiibo,"In the Special Items section in Nook Shopping, after scanning the related Amiibo on Photopia",1.0.0,For sale,PosterNpcNmlBrd02,10782
Angus's poster,,1000,250,Red,Orange,1x1,Amiibo,"In the Special Items section in Nook Shopping, after scanning the related Amiibo on Photopia",1.0.0,For sale,PosterNpcNmlBul00,10807
Anicotti's poster,,1000,250,Green,Brown,1x1,Amiibo,"In the Special Items section in Nook Shopping, after scanning the related Amiibo on Photopia",1.0.0,For sale,PosterNpcNmlMus10,10413
Ankha's poster,,1000,250,Yellow,Brown,1x1,Amiibo,"In the Special Items section in Nook Shopping, after scanning the related Amiibo on Photopia",1.0.0,For sale,PosterNpcNmlCat19,10416
Annalisa's poster,,1000,250,Beige,Pink,1x1,Amiibo,"In the Special Items section in Nook Shopping, after scanning the related Amiibo on Photopia",1.0.0,For sale,PosterNpcNmlAnt08,10824
Annalise's poster,,1000,250,Brown,Purple,1x1,Amiibo,"In the Special Items section in Nook Shopping, after scanning the related Amiibo on Photopia",1.0.0,For sale,PosterNpcNmlHrs09,10573
Antonio's poster,,1000,250,Blue,Yellow,1x1,Amiibo,"In the Special Items section in Nook Shopping, after scanning the related Amiibo on Photopia",1.0.0,For sale,PosterNpcNmlAnt01,10795
Apollo's poster,,1000,250,Black,White,1x1,Amiibo,"In the Special Items section in Nook Shopping, after scanning the related Amiibo on Photopia",1.0.0,For sale,PosterNpcNmlPbr00,10512
Apple's poster,,1000,250,Red,Yellow,1x1,Amiibo,"In the Special Items section in Nook Shopping, after scanning the related Amiibo on Photopia",1.0.0,For sale,PosterNpcNmlHam01,10565
Astrid's poster,,1000,250,White,Black,1x1,Amiibo,"In the Special Items section in Nook Shopping, after scanning the related Amiibo on Photopia",1.0.0,For sale,PosterNpcNmlKgr05,10493
Audie's poster,,1000,250,Red,Yellow,1x1,Amiibo,"In the Special Items section in Nook Shopping, after scanning the related Amiibo on Photopia",1.0.0,For sale,PosterNpcNmlWol12,10859
Aurora's poster,,1000,250,Black,Red,1x1,Amiibo,"In the Special Items section in Nook Shopping, after scanning the related Amiibo on Photopia",1.0.0,For sale,PosterNpcNmlPgn00,10563
Ava's poster,,1000,250,Beige,Pink,1x1,Amiibo,"In the Special Items section in Nook Shopping, after scanning the related Amiibo on Photopia",1.0.0,For sale,PosterNpcNmlChn05,10467
Avery's poster,,1000,250,Gray,Black,1x1,Amiibo,"In the Special Items section in Nook Shopping, after scanning the related Amiibo on Photopia",1.0.0,For sale,PosterNpcNmlPbr05,10370
Axel's poster,,1000,250,Blue,Red,1x1,Amiibo,"In the Special Items section in Nook Shopping, after scanning the related Amiibo on Photopia",1.0.0,For sale,PosterNpcNmlElp06,10319
Baabara's poster,,1000,250,Brown,Light blue,1x1,Amiibo,"In the Special Items section in Nook Shopping, after scanning the related Amiibo on Photopia",1.0.0,For sale,PosterNpcNmlShp01,10508
Bam's poster,,1000,250,Blue,Green,1x1,Amiibo,"In the Special Items section in Nook Shopping, after scanning the related Amiibo on Photopia",1.0.0,For sale,PosterNpcNmlDer01,10456
Bangle's poster,,1000,250,Brown,Green,1x1,Amiibo,"In the Special Items section in Nook Shopping, after scanning the related Amiibo on Photopia",1.0.0,For sale,PosterNpcNmlTig03,10672
Barold's poster,,1000,250,Gray,Black,1x1,Amiibo,"In the Special Items section in Nook Shopping, after scanning the related Amiibo on Photopia",1.0.0,For sale,PosterNpcNmlCbr16,10583
Bea's poster,,1000,250,Light blue,Brown,1x1,Amiibo,"In the Special Items section in Nook Shopping, after scanning the related Amiibo on Photopia",1.0.0,For sale,PosterNpcNmlDog10,10632
Beardo's poster,,1000,250,Light blue,Brown,1x1,Amiibo,"In the Special Items section in Nook Shopping, after scanning the related Amiibo on Photopia",1.0.0,For sale,PosterNpcNmlBea13,10788
Beau's poster,,1000,250,Light blue,Brown,1x1,Amiibo,"In the Special Items section in Nook Shopping, after scanning the related Amiibo on Photopia",1.0.0,For sale,PosterNpcNmlDer07,10396
Becky's poster,,1000,250,Purple,Red,1x1,Amiibo,"In the Special Items section in Nook Shopping, after scanning the related Amiibo on Photopia",1.0.0,For sale,PosterNpcNmlChn09,10580
Bella's poster,,1000,250,Purple,White,1x1,Amiibo,"In the Special Items section in Nook Shopping, after scanning the related Amiibo on Photopia",1.0.0,For sale,PosterNpcNmlMus02,10681
Benedict's poster,,1000,250,Red,Green,1x1,Amiibo,"In the Special Items section in Nook Shopping, after scanning the related Amiibo on Photopia",1.0.0,For sale,PosterNpcNmlChn01,10400
Benjamin's poster,,1000,250,Yellow,Green,1x1,Amiibo,"In the Special Items section in Nook Shopping, after scanning the related Amiibo on Photopia",1.0.0,For sale,PosterNpcNmlDog16,10695
Bertha's poster,,1000,250,Pink,Green,1x1,Amiibo,"In the Special Items section in Nook Shopping, after scanning the related Amiibo on Photopia",1.0.0,For sale,PosterNpcNmlHip03,10322
Bettina's poster,,1000,250,Orange,Blue,1x1,Amiibo,"In the Special Items section in Nook Shopping, after scanning the related Amiibo on Photopia",1.0.0,For sale,PosterNpcNmlMus15,10403
Bianca's poster,,1000,250,Light blue,Blue,1x1,Amiibo,"In the Special Items section in Nook Shopping, after scanning the related Amiibo on Photopia",1.0.0,For sale,PosterNpcNmlTig06,10393
Biff's poster,,1000,250,Red,Black,1x1,Amiibo,"In the Special Items section in Nook Shopping, after scanning the related Amiibo on Photopia",1.0.0,For sale,PosterNpcNmlHip04,10682
Big Top's poster,,1000,250,Green,Yellow,1x1,Amiibo,"In the Special Items section in Nook Shopping, after scanning the related Amiibo on Photopia",1.0.0,For sale,PosterNpcNmlElp02,10426
Bill's poster,,1000,250,Brown,Yellow,1x1,Amiibo,"In the Special Items section in Nook Shopping, after scanning the related Amiibo on Photopia",1.0.0,For sale,PosterNpcNmlDuk00,10653
Billy's poster,,1000,250,Brown,Green,1x1,Amiibo,"In the Special Items section in Nook Shopping, after scanning the related Amiibo on Photopia",1.0.0,For sale,PosterNpcNmlGoa02,10620
Biskit's poster,,1000,250,Orange,Purple,1x1,Amiibo,"In the Special Items section in Nook Shopping, after scanning the related Amiibo on Photopia",1.0.0,For sale,PosterNpcNmlDog03,10496
Bitty's poster,,1000,250,Pink,Red,1x1,Amiibo,"In the Special Items section in Nook Shopping, after scanning the related Amiibo on Photopia",1.0.0,For sale,PosterNpcNmlHip05,10622
Blaire's poster,,1000,250,Black,Brown,1x1,Amiibo,"In the Special Items section in Nook Shopping, after scanning the related Amiibo on Photopia",1.0.0,For sale,PosterNpcNmlSqu01,10369
Blanca's poster,,1000,250,White,Light blue,1x1,Amiibo,"In the Special Items section in Nook Shopping, after scanning the related Amiibo on Photopia",1.0.0,For sale,PosterNpcSpMka,10343
Blanche's poster,,1000,250,White,Pink,1x1,Amiibo,"In the Special Items section in Nook Shopping, after scanning the related Amiibo on Photopia",1.0.0,For sale,PosterNpcNmlOst08,10478
Blathers's poster,,1000,250,Brown,Beige,1x1,Amiibo,"In the Special Items section in Nook Shopping, after scanning the related Amiibo on Photopia",1.0.0,For sale,PosterNpcSpOwl,10324
Bluebear's poster,,1000,250,Light blue,Purple,1x1,Amiibo,"In the Special Items section in Nook Shopping, after scanning the related Amiibo on Photopia",1.0.0,For sale,PosterNpcNmlCbr00,10652
Bob's poster,,1000,250,Purple,Light blue,1x1,Amiibo,"In the Special Items section in Nook Shopping, after scanning the related Amiibo on Photopia",1.0.0,For sale,PosterNpcNmlCat00,10797
Bonbon's poster,,1000,250,Brown,Red,1x1,Amiibo,"In the Special Items section in Nook Shopping, after scanning the related Amiibo on Photopia",1.0.0,For sale,PosterNpcNmlRbt17,10666
Bones's poster,,1000,250,Beige,Pink,1x1,Amiibo,"In the Special Items section in Nook Shopping, after scanning the related Amiibo on Photopia",1.0.0,For sale,PosterNpcNmlDog04,10548
Booker's poster,,1000,250,Orange,Blue,1x1,Amiibo,"In the Special Items section in Nook Shopping, after scanning the related Amiibo on Photopia",1.0.0,For sale,PosterNpcSpDgb,10336
Boomer's poster,,1000,250,Black,Blue,1x1,Amiibo,"In the Special Items section in Nook Shopping, after scanning the related Amiibo on Photopia",1.0.0,For sale,PosterNpcNmlPgn10,10506
Boone's poster,,1000,250,Brown,White,1x1,Amiibo,"In the Special Items section in Nook Shopping, after scanning the related Amiibo on Photopia",1.0.0,For sale,PosterNpcNmlGor02,10534
Boots's poster,,1000,250,Green,Blue,1x1,Amiibo,"In the Special Items section in Nook Shopping, after scanning the related Amiibo on Photopia",1.0.0,For sale,PosterNpcNmlCrd02,10634
Boris's poster,,1000,250,Blue,Red,1x1,Amiibo,"In the Special Items section in Nook Shopping, after scanning the related Amiibo on Photopia",1.0.0,For sale,PosterNpcNmlPig09,10613
Boyd's poster,,1000,250,Red,Blue,1x1,Amiibo,"In the Special Items section in Nook Shopping, after scanning the related Amiibo on Photopia",1.0.0,For sale,PosterNpcNmlGor05,10621
Bree's poster,,1000,250,Green,Pink,1x1,Amiibo,"In the Special Items section in Nook Shopping, after scanning the related Amiibo on Photopia",1.0.0,For sale,PosterNpcNmlMus03,10486
Brewster's poster,,1000,250,Green,Black,1x1,Amiibo,"In the Special Items section in Nook Shopping, after scanning the related Amiibo on Photopia",1.0.0,For sale,PosterNpcSpPge,10516
Broccolo's poster,,1000,250,Light blue,Colorful,1x1,Amiibo,"In the Special Items section in Nook Shopping, after scanning the related Amiibo on Photopia",1.0.0,For sale,PosterNpcNmlMus12,10378
Broffina's poster,,1000,250,Orange,Black,1x1,Amiibo,"In the Special Items section in Nook Shopping, after scanning the related Amiibo on Photopia",1.0.0,For sale,PosterNpcNmlChn12,10535
Bruce's poster,,1000,250,Gray,Orange,1x1,Amiibo,"In the Special Items section in Nook Shopping, after scanning the related Amiibo on Photopia",1.0.0,For sale,PosterNpcNmlDer03,10594
Bubbles's poster,,1000,250,Orange,Purple,1x1,Amiibo,"In the Special Items section in Nook Shopping, after scanning the related Amiibo on Photopia",1.0.0,For sale,PosterNpcNmlHip02,10447
Buck's poster,,1000,250,Green,Brown,1x1,Amiibo,"In the Special Items section in Nook Shopping, after scanning the related Amiibo on Photopia",1.0.0,For sale,PosterNpcNmlHrs00,10485
Bud's poster,,1000,250,Brown,Light blue,1x1,Amiibo,"In the Special Items section in Nook Shopping, after scanning the related Amiibo on Photopia",1.0.0,For sale,PosterNpcNmlLon00,10398
Bunnie's poster,,1000,250,Red,Beige,1x1,Amiibo,"In the Special Items section in Nook Shopping, after scanning the related Amiibo on Photopia",1.0.0,For sale,PosterNpcNmlRbt00,10316
Butch's poster,,1000,250,Brown,Green,1x1,Amiibo,"In the Special Items section in Nook Shopping, after scanning the related Amiibo on Photopia",1.0.0,For sale,PosterNpcNmlDog01,10385
Buzz's poster,,1000,250,Brown,Light blue,1x1,Amiibo,"In the Special Items section in Nook Shopping, after scanning the related Amiibo on Photopia",1.0.0,For sale,PosterNpcNmlPbr03,10648
Cally's poster,,1000,250,Beige,Red,1x1,Amiibo,"In the Special Items section in Nook Shopping, after scanning the related Amiibo on Photopia",1.0.0,For sale,PosterNpcNmlSqu11,10600
Camofrog's poster,,1000,250,Green,Brown,1x1,Amiibo,"In the Special Items section in Nook Shopping, after scanning the related Amiibo on Photopia",1.0.0,For sale,PosterNpcNmlFlg03,10412
Canberra's poster,,1000,250,Orange,Light blue,1x1,Amiibo,"In the Special Items section in Nook Shopping, after scanning the related Amiibo on Photopia",1.0.0,For sale,PosterNpcNmlKal08,10451
Candi's poster,,1000,250,Pink,Yellow,1x1,Amiibo,"In the Special Items section in Nook Shopping, after scanning the related Amiibo on Photopia",1.0.0,For sale,PosterNpcNmlMus08,10637
Carmen's poster,,1000,250,Brown,Green,1x1,Amiibo,"In the Special Items section in Nook Shopping, after scanning the related Amiibo on Photopia",1.0.0,For sale,PosterNpcNmlRbt16,10374
Caroline's poster,,1000,250,Red,Blue,1x1,Amiibo,"In the Special Items section in Nook Shopping, after scanning the related Amiibo on Photopia",1.0.0,For sale,PosterNpcNmlSqu06,10507
Carrie's poster,,1000,250,Orange,Red,1x1,Amiibo,"In the Special Items section in Nook Shopping, after scanning the related Amiibo on Photopia",1.0.0,For sale,PosterNpcNmlKgr02,10615
Cashmere's poster,,1000,250,White,Purple,1x1,Amiibo,"In the Special Items section in Nook Shopping, after scanning the related Amiibo on Photopia",1.0.0,For sale,PosterNpcNmlShp04,10640
Celeste's poster,,1000,250,Brown,Blue,1x1,Amiibo,"In the Special Items section in Nook Shopping, after scanning the related Amiibo on Photopia",1.0.0,For sale,PosterNpcSpOws,10334
Celia's poster,,1000,250,White,Green,1x1,Amiibo,"In the Special Items section in Nook Shopping, after scanning the related Amiibo on Photopia",1.0.0,For sale,PosterNpcNmlPbr09,10568
Cesar's poster,,1000,250,Beige,Orange,1x1,Amiibo,"In the Special Items section in Nook Shopping, after scanning the related Amiibo on Photopia",1.0.0,For sale,PosterNpcNmlGor00,10373
Chadder's poster,,1000,250,Yellow,Blue,1x1,Amiibo,"In the Special Items section in Nook Shopping, after scanning the related Amiibo on Photopia",1.0.0,For sale,PosterNpcNmlMus18,10501
Charlise's poster,,1000,250,Green,Red,1x1,Amiibo,"In the Special Items section in Nook Shopping, after scanning the related Amiibo on Photopia",1.0.0,For sale,PosterNpcNmlBea12,10778
Cheri's poster,,1000,250,Red,Blue,1x1,Amiibo,"In the Special Items section in Nook Shopping, after scanning the related Amiibo on Photopia",1.0.0,For sale,PosterNpcNmlCbr10,10570
Cherry's poster,,1000,250,Red,Black,1x1,Amiibo,"In the Special Items section in Nook Shopping, after scanning the related Amiibo on Photopia",1.0.0,For sale,PosterNpcNmlDog17,10689
Chester's poster,,1000,250,White,Yellow,1x1,Amiibo,"In the Special Items section in Nook Shopping, after scanning the related Amiibo on Photopia",1.0.0,For sale,PosterNpcNmlCbr15,10468
Chevre's poster,,1000,250,White,Red,1x1,Amiibo,"In the Special Items section in Nook Shopping, after scanning the related Amiibo on Photopia",1.0.0,For sale,PosterNpcNmlGoa00,10461
Chief's poster,,1000,250,Orange,Beige,1x1,Amiibo,"In the Special Items section in Nook Shopping, after scanning the related Amiibo on Photopia",1.0.0,For sale,PosterNpcNmlWol00,10315
Chip's poster,,1000,250,Blue,Beige,1x1,Amiibo,"In the Special Items section in Nook Shopping, after scanning the related Amiibo on Photopia",1.0.0,For sale,PosterNpcSpBev,10345
Chops's poster,,1000,250,Beige,Red,1x1,Amiibo,"In the Special Items section in Nook Shopping, after scanning the related Amiibo on Photopia",1.0.0,For sale,PosterNpcNmlPig14,10414
Chow's poster,,1000,250,Pink,Black,1x1,Amiibo,"In the Special Items section in Nook Shopping, after scanning the related Amiibo on Photopia",1.0.0,For sale,PosterNpcNmlBea03,10803
Chrissy's poster,,1000,250,Pink,Purple,1x1,Amiibo,"In the Special Items section in Nook Shopping, after scanning the related Amiibo on Photopia",1.0.0,For sale,PosterNpcNmlRbt13,10515
Cinnamoroll poster,,1000,250,Light blue,Light blue,1x1,Amiibo,"In the Special Items section in Nook Shopping, after scanning the related Amiibo on Photopia",1.0.0,For sale,PosterNpcNmlElp11,11124
Claude's poster,,1000,250,Brown,Beige,1x1,Amiibo,"In the Special Items section in Nook Shopping, after scanning the related Amiibo on Photopia",1.0.0,For sale,PosterNpcNmlRbt11,10628
Claudia's poster,,1000,250,Pink,White,1x1,Amiibo,"In the Special Items section in Nook Shopping, after scanning the related Amiibo on Photopia",1.0.0,For sale,PosterNpcNmlTig05,10504
Clay's poster,,1000,250,Brown,Black,1x1,Amiibo,"In the Special Items section in Nook Shopping, after scanning the related Amiibo on Photopia",1.0.0,For sale,PosterNpcNmlHam05,10317
Cleo's poster,,1000,250,Purple,Light blue,1x1,Amiibo,"In the Special Items section in Nook Shopping, after scanning the related Amiibo on Photopia",1.0.0,For sale,PosterNpcNmlHrs07,10649
Clyde's poster,,1000,250,Yellow,Pink,1x1,Amiibo,"In the Special Items section in Nook Shopping, after scanning the related Amiibo on Photopia",1.0.0,For sale,PosterNpcNmlHrs10,10680
Coach's poster,,1000,250,Yellow,Blue,1x1,Amiibo,"In the Special Items section in Nook Shopping, after scanning the related Amiibo on Photopia",1.0.0,For sale,PosterNpcNmlBul07,10356
Cobb's poster,,1000,250,Green,White,1x1,Amiibo,"In the Special Items section in Nook Shopping, after scanning the related Amiibo on Photopia",1.0.0,For sale,PosterNpcNmlPig08,10686
Coco's poster,,1000,250,Beige,Brown,1x1,Amiibo,"In the Special Items section in Nook Shopping, after scanning the related Amiibo on Photopia",1.0.0,For sale,PosterNpcNmlRbt02,10379
Cole's poster,,1000,250,Black,Yellow,1x1,Amiibo,"In the Special Items section in Nook Shopping, after scanning the related Amiibo on Photopia",1.0.0,For sale,PosterNpcNmlRbt18,10326
Colton's poster,,1000,250,White,Colorful,1x1,Amiibo,"In the Special Items section in Nook Shopping, after scanning the related Amiibo on Photopia",1.0.0,For sale,PosterNpcNmlHrs11,10452
Cookie's poster,,1000,250,Pink,Purple,1x1,Amiibo,"In the Special Items section in Nook Shopping, after scanning the related Amiibo on Photopia",1.0.0,For sale,PosterNpcNmlDog08,10367
Copper's poster,,1000,250,Orange,Blue,1x1,Amiibo,"In the Special Items section in Nook Shopping, after scanning the related Amiibo on Photopia",1.0.0,For sale,PosterNpcSpDga,10335
Cousteau's poster,,1000,250,Orange,Green,1x1,Amiibo,"In the Special Items section in Nook Shopping, after scanning the related Amiibo on Photopia",1.0.0,For sale,PosterNpcNmlFlg10,10448
Crackle's poster,,1000,250,Green,Black,1x1,Amiibo,"In the Special Items section in Nook Shopping, after scanning the related Amiibo on Photopia",1.0.0,For sale,PosterNpcNmlPig05,10454
Cranston's poster,,1000,250,White,Red,1x1,Amiibo,"In the Special Items section in Nook Shopping, after scanning the related Amiibo on Photopia",1.0.0,For sale,PosterNpcNmlOst06,10597
Croque's poster,,1000,250,Orange,Red,1x1,Amiibo,"In the Special Items section in Nook Shopping, after scanning the related Amiibo on Photopia",1.0.0,For sale,PosterNpcNmlFlg17,10536
Cube's poster,,1000,250,Black,Yellow,1x1,Amiibo,"In the Special Items section in Nook Shopping, after scanning the related Amiibo on Photopia",1.0.0,For sale,PosterNpcNmlPgn02,10503
Curlos's poster,,1000,250,Brown,Yellow,1x1,Amiibo,"In the Special Items section in Nook Shopping, after scanning the related Amiibo on Photopia",1.0.0,For sale,PosterNpcNmlShp08,10488
Curly's poster,,1000,250,Pink,Green,1x1,Amiibo,"In the Special Items section in Nook Shopping, after scanning the related Amiibo on Photopia",1.0.0,For sale,PosterNpcNmlPig00,10505
Curt's poster,,1000,250,Gray,Brown,1x1,Amiibo,"In the Special Items section in Nook Shopping, after scanning the related Amiibo on Photopia",1.0.0,For sale,PosterNpcNmlBea02,10799
Cyd's poster,,1000,250,Red,Black,1x1,Amiibo,"In the Special Items section in Nook Shopping, after scanning the related Amiibo on Photopia",1.0.0,For sale,PosterNpcNmlElp12,10862
Cyrano's poster,,1000,250,Orange,White,1x1,Amiibo,"In the Special Items section in Nook Shopping, after scanning the related Amiibo on Photopia",1.0.0,For sale,PosterNpcNmlAnt00,10323
Cyrus's poster,,1000,250,Light blue,Pink,1x1,Amiibo,"In the Special Items section in Nook Shopping, after scanning the related Amiibo on Photopia",1.0.0,For sale,PosterNpcSpAlp,10435
Daisy's poster,,1000,250,White,Beige,1x1,Amiibo,"In the Special Items section in Nook Shopping, after scanning the related Amiibo on Photopia",1.0.0,For sale,PosterNpcNmlDog07,10474
Deena's poster,,1000,250,Brown,Beige,1x1,Amiibo,"In the Special Items section in Nook Shopping, after scanning the related Amiibo on Photopia",1.0.0,For sale,PosterNpcNmlDuk04,10670
Deirdre's poster,,1000,250,Beige,Red,1x1,Amiibo,"In the Special Items section in Nook Shopping, after scanning the related Amiibo on Photopia",1.0.0,For sale,PosterNpcNmlDer04,10459
Del's poster,,1000,250,Black,Blue,1x1,Amiibo,"In the Special Items section in Nook Shopping, after scanning the related Amiibo on Photopia",1.0.0,For sale,PosterNpcNmlCrd04,10444
Deli's poster,,1000,250,Beige,Brown,1x1,Amiibo,"In the Special Items section in Nook Shopping, after scanning the related Amiibo on Photopia",1.0.0,For sale,PosterNpcNmlMnk08,10654
Derwin's poster,,1000,250,Blue,Pink,1x1,Amiibo,"In the Special Items section in Nook Shopping, after scanning the related Amiibo on Photopia",1.0.0,For sale,PosterNpcNmlDuk08,10513
Diana's poster,,1000,250,Pink,Purple,1x1,Amiibo,"In the Special Items section in Nook Shopping, after scanning the related Amiibo on Photopia",1.0.0,For sale,PosterNpcNmlDer08,10318
Digby's poster,,1000,250,Brown,Red,1x1,Amiibo,"In the Special Items section in Nook Shopping, after scanning the related Amiibo on Photopia",1.0.0,For sale,PosterNpcSpSzo,10438
Diva's poster,,1000,250,Purple,Yellow,1x1,Amiibo,"In the Special Items section in Nook Shopping, after scanning the related Amiibo on Photopia",1.0.0,For sale,PosterNpcNmlFlg18,10473
Dizzy's poster,,1000,250,Gray,Light blue,1x1,Amiibo,"In the Special Items section in Nook Shopping, after scanning the related Amiibo on Photopia",1.0.0,For sale,PosterNpcNmlElp01,10532
DJ KK's poster,,1000,250,White,Black,1x1,Amiibo,"In the Special Items section in Nook Shopping, after scanning the related Amiibo on Photopia",1.0.0,For sale,PosterNpcSpTkkB,10776
Dobie's poster,,1000,250,Green,Blue,1x1,Amiibo,"In the Special Items section in Nook Shopping, after scanning the related Amiibo on Photopia",1.0.0,For sale,PosterNpcNmlWol04,10647
Doc's poster,,1000,250,Blue,Black,1x1,Amiibo,"In the Special Items section in Nook Shopping, after scanning the related Amiibo on Photopia",1.0.0,For sale,PosterNpcNmlRbt10,10576
Dom's poster,,1000,250,Beige,Colorful,1x1,Amiibo,"In the Special Items section in Nook Shopping, after scanning the related Amiibo on Photopia",1.0.0,For sale,PosterNpcNmlShp15,10864
Don's poster,,1000,250,Brown,Light blue,1x1,Amiibo,"In the Special Items section in Nook Shopping, after scanning the related Amiibo on Photopia",1.0.0,For sale,PosterNpcSpMob,10342
Dora's poster,,1000,250,White,Green,1x1,Amiibo,"In the Special Items section in Nook Shopping, after scanning the related Amiibo on Photopia",1.0.0,For sale,PosterNpcNmlMus00,10495
Dotty's poster,,1000,250,Black,White,1x1,Amiibo,"In the Special Items section in Nook Shopping, after scanning the related Amiibo on Photopia",1.0.0,For sale,PosterNpcNmlRbt01,10541
Drago's poster,,1000,250,Green,Yellow,1x1,Amiibo,"In the Special Items section in Nook Shopping, after scanning the related Amiibo on Photopia",1.0.0,For sale,PosterNpcNmlCrd08,10462
Drake's poster,,1000,250,Green,Brown,1x1,Amiibo,"In the Special Items section in Nook Shopping, after scanning the related Amiibo on Photopia",1.0.0,For sale,PosterNpcNmlDuk09,10410
Drift's poster,,1000,250,Red,Green,1x1,Amiibo,"In the Special Items section in Nook Shopping, after scanning the related Amiibo on Photopia",1.0.0,For sale,PosterNpcNmlFlg04,10417
Ed's poster,,1000,250,Light blue,Black,1x1,Amiibo,"In the Special Items section in Nook Shopping, after scanning the related Amiibo on Photopia",1.0.0,For sale,PosterNpcNmlHrs06,10392
Egbert's poster,,1000,250,Yellow,Blue,1x1,Amiibo,"In the Special Items section in Nook Shopping, after scanning the related Amiibo on Photopia",1.0.0,For sale,PosterNpcNmlChn02,10366
Elise's poster,,1000,250,Beige,Purple,1x1,Amiibo,"In the Special Items section in Nook Shopping, after scanning the related Amiibo on Photopia",1.0.0,For sale,PosterNpcNmlMnk05,10558
Ellie's poster,,1000,250,Beige,Red,1x1,Amiibo,"In the Special Items section in Nook Shopping, after scanning the related Amiibo on Photopia",1.0.0,For sale,PosterNpcNmlElp07,10633
Elmer's poster,,1000,250,Brown,Green,1x1,Amiibo,"In the Special Items section in Nook Shopping, after scanning the related Amiibo on Photopia",1.0.0,For sale,PosterNpcNmlHrs03,10555
Eloise's poster,,1000,250,Yellow,Red,1x1,Amiibo,"In the Special Items section in Nook Shopping, after scanning the related Amiibo on Photopia",1.0.0,For sale,PosterNpcNmlElp03,10464
Elvis's poster,,1000,250,Yellow,Red,1x1,Amiibo,"In the Special Items section in Nook Shopping, after scanning the related Amiibo on Photopia",1.0.0,For sale,PosterNpcNmlLon01,10450
Erik's poster,,1000,250,Brown,Blue,1x1,Amiibo,"In the Special Items section in Nook Shopping, after scanning the related Amiibo on Photopia",1.0.0,For sale,PosterNpcNmlDer09,10540
Eugene's poster,,1000,250,Brown,Black,1x1,Amiibo,"In the Special Items section in Nook Shopping, after scanning the related Amiibo on Photopia",1.0.0,For sale,PosterNpcNmlKal10,10692
Eunice's poster,,1000,250,Black,Beige,1x1,Amiibo,"In the Special Items section in Nook Shopping, after scanning the related Amiibo on Photopia",1.0.0,For sale,PosterNpcNmlShp02,10693
Fang's poster,,1000,250,Beige,Light blue,1x1,Amiibo,"In the Special Items section in Nook Shopping, after scanning the related Amiibo on Photopia",1.0.0,For sale,PosterNpcNmlWol06,10544
Fauna's poster,,1000,250,Brown,Light blue,1x1,Amiibo,"In the Special Items section in Nook Shopping, after scanning the related Amiibo on Photopia",1.0.0,For sale,PosterNpcNmlDer00,10530
Felicity's poster,,1000,250,Beige,Green,1x1,Amiibo,"In the Special Items section in Nook Shopping, after scanning the related Amiibo on Photopia",1.0.0,For sale,PosterNpcNmlCat17,10348
Filbert's poster,,1000,250,Light blue,Blue,1x1,Amiibo,"In the Special Items section in Nook Shopping, after scanning the related Amiibo on Photopia",1.0.0,For sale,PosterNpcNmlSqu02,10394
Flip's poster,,1000,250,Orange,Blue,1x1,Amiibo,"In the Special Items section in Nook Shopping, after scanning the related Amiibo on Photopia",1.0.0,For sale,PosterNpcNmlMnk06,10406
Flo's poster,,1000,250,Blue,Red,1x1,Amiibo,"In the Special Items section in Nook Shopping, after scanning the related Amiibo on Photopia",1.0.0,For sale,PosterNpcNmlPgn13,10685
Flora's poster,,1000,250,Pink,Yellow,1x1,Amiibo,"In the Special Items section in Nook Shopping, after scanning the related Amiibo on Photopia",1.0.0,For sale,PosterNpcNmlOst09,10490
Flurry's poster,,1000,250,White,Red,1x1,Amiibo,"In the Special Items section in Nook Shopping, after scanning the related Amiibo on Photopia",1.0.0,For sale,PosterNpcNmlHam06,10679
Francine's poster,,1000,250,Light blue,Purple,1x1,Amiibo,"In the Special Items section in Nook Shopping, after scanning the related Amiibo on Photopia",1.0.0,For sale,PosterNpcNmlRbt12,10514
Frank's poster,,1000,250,Green,Yellow,1x1,Amiibo,"In the Special Items section in Nook Shopping, after scanning the related Amiibo on Photopia",1.0.0,For sale,PosterNpcNmlPbr06,10500
Franklin's poster,,1000,250,Pink,Purple,1x1,Amiibo,"In the Special Items section in Nook Shopping, after scanning the related Amiibo on Photopia",1.0.0,For sale,PosterNpcSpTuk,10781
Freckles's poster,,1000,250,Red,Yellow,1x1,Amiibo,"In the Special Items section in Nook Shopping, after scanning the related Amiibo on Photopia",1.0.0,For sale,PosterNpcNmlDuk07,10455
Freya's poster,,1000,250,Pink,Brown,1x1,Amiibo,"In the Special Items section in Nook Shopping, after scanning the related Amiibo on Photopia",1.0.0,For sale,PosterNpcNmlWol05,10424
Friga's poster,,1000,250,Blue,White,1x1,Amiibo,"In the Special Items section in Nook Shopping, after scanning the related Amiibo on Photopia",1.0.0,For sale,PosterNpcNmlPgn04,10457
Frita's poster,,1000,250,Yellow,Red,1x1,Amiibo,"In the Special Items section in Nook Shopping, after scanning the related Amiibo on Photopia",1.0.0,For sale,PosterNpcNmlShp11,10545
Frobert's poster,,1000,250,Green,Green,1x1,Amiibo,"In the Special Items section in Nook Shopping, after scanning the related Amiibo on Photopia",1.0.0,For sale,PosterNpcNmlFlg02,10598
Fuchsia's poster,,1000,250,Purple,Purple,1x1,Amiibo,"In the Special Items section in Nook Shopping, after scanning the related Amiibo on Photopia",1.0.0,For sale,PosterNpcNmlDer06,10352
Gabi's poster,,1000,250,White,Red,1x1,Amiibo,"In the Special Items section in Nook Shopping, after scanning the related Amiibo on Photopia",1.0.0,For sale,PosterNpcNmlRbt05,10386
Gala's poster,,1000,250,Pink,Light blue,1x1,Amiibo,"In the Special Items section in Nook Shopping, after scanning the related Amiibo on Photopia",1.0.0,For sale,PosterNpcNmlPig13,10482
Gaston's poster,,1000,250,Yellow,Black,1x1,Amiibo,"In the Special Items section in Nook Shopping, after scanning the related Amiibo on Photopia",1.0.0,For sale,PosterNpcNmlRbt04,10479
Gayle's poster,,1000,250,Pink,Pink,1x1,Amiibo,"In the Special Items section in Nook Shopping, after scanning the related Amiibo on Photopia",1.0.0,For sale,PosterNpcNmlCrd07,10596
Genji's poster,,1000,250,White,Brown,1x1,Amiibo,"In the Special Items section in Nook Shopping, after scanning the related Amiibo on Photopia",1.0.0,For sale,PosterNpcNmlRbt08,10469
Gigi's poster,,1000,250,Purple,Black,1x1,Amiibo,"In the Special Items section in Nook Shopping, after scanning the related Amiibo on Photopia",1.0.0,For sale,PosterNpcNmlFlg16,10657
Gladys's poster,,1000,250,Black,Red,1x1,Amiibo,"In the Special Items section in Nook Shopping, after scanning the related Amiibo on Photopia",1.0.0,For sale,PosterNpcNmlOst01,10422
Gloria's poster,,1000,250,Purple,Black,1x1,Amiibo,"In the Special Items section in Nook Shopping, after scanning the related Amiibo on Photopia",1.0.0,For sale,PosterNpcNmlDuk15,10586
Goldie's poster,,1000,250,Yellow,Brown,1x1,Amiibo,"In the Special Items section in Nook Shopping, after scanning the related Amiibo on Photopia",1.0.0,For sale,PosterNpcNmlDog00,10523
Gonzo's poster,,1000,250,Gray,Brown,1x1,Amiibo,"In the Special Items section in Nook Shopping, after scanning the related Amiibo on Photopia",1.0.0,For sale,PosterNpcNmlKal04,10643
Goose's poster,,1000,250,White,Green,1x1,Amiibo,"In the Special Items section in Nook Shopping, after scanning the related Amiibo on Photopia",1.0.0,For sale,PosterNpcNmlChn00,10694
Gracie's poster,,1000,250,Blue,Green,1x1,Amiibo,"In the Special Items section in Nook Shopping, after scanning the related Amiibo on Photopia",1.0.0,For sale,PosterNpcSpGrf,10518
Graham's poster,,1000,250,Yellow,Black,1x1,Amiibo,"In the Special Items section in Nook Shopping, after scanning the related Amiibo on Photopia",1.0.0,For sale,PosterNpcNmlHam02,10529
Grams's poster,,1000,250,Green,Blue,1x1,Amiibo,"In the Special Items section in Nook Shopping, after scanning the related Amiibo on Photopia",1.0.0,For sale,PosterNpcSpKpg,10436
Greta's poster,,1000,250,Beige,Black,1x1,Amiibo,"In the Special Items section in Nook Shopping, after scanning the related Amiibo on Photopia",1.0.0,For sale,PosterNpcNmlMus16,10470
Grizzly's poster,,1000,250,Black,Red,1x1,Amiibo,"In the Special Items section in Nook Shopping, after scanning the related Amiibo on Photopia",1.0.0,For sale,PosterNpcNmlBea09,10806
Groucho's poster,,1000,250,Blue,Black,1x1,Amiibo,"In the Special Items section in Nook Shopping, after scanning the related Amiibo on Photopia",1.0.0,For sale,PosterNpcNmlBea06,10380
Gruff's poster,,1000,250,Green,Black,1x1,Amiibo,"In the Special Items section in Nook Shopping, after scanning the related Amiibo on Photopia",1.0.0,For sale,PosterNpcNmlGoa04,10678
Gulliver's poster,,1000,250,White,Blue,1x1,Amiibo,"In the Special Items section in Nook Shopping, after scanning the related Amiibo on Photopia",1.0.0,For sale,PosterNpcSpGul,10521
Gwen's poster,,1000,250,Purple,Green,1x1,Amiibo,"In the Special Items section in Nook Shopping, after scanning the related Amiibo on Photopia",1.0.0,For sale,PosterNpcNmlPgn05,10355
Hamlet's poster,,1000,250,Orange,Light blue,1x1,Amiibo,"In the Special Items section in Nook Shopping, after scanning the related Amiibo on Photopia",1.0.0,For sale,PosterNpcNmlHam00,10492
Hamphrey's poster,,1000,250,Black,Red,1x1,Amiibo,"In the Special Items section in Nook Shopping, after scanning the related Amiibo on Photopia",1.0.0,For sale,PosterNpcNmlHam07,10423
Hans's poster,,1000,250,Light blue,Blue,1x1,Amiibo,"In the Special Items section in Nook Shopping, after scanning the related Amiibo on Photopia",1.0.0,For sale,PosterNpcNmlGor10,10460
Harriet's poster,,1000,250,Pink,Beige,1x1,Amiibo,"In the Special Items section in Nook Shopping, after scanning the related Amiibo on Photopia",1.0.0,For sale,PosterNpcSpPoo,10787
Harry's poster,,1000,250,Yellow,Black,1x1,Amiibo,"In the Special Items section in Nook Shopping, after scanning the related Amiibo on Photopia",1.0.0,For sale,PosterNpcNmlHip08,10353
Hazel's poster,,1000,250,Orange,Red,1x1,Amiibo,"In the Special Items section in Nook Shopping, after scanning the related Amiibo on Photopia",1.0.0,For sale,PosterNpcNmlSqu18,10466
Hello Kitty poster,,1000,250,Red,Colorful,1x1,Amiibo,"In the Special Items section in Nook Shopping, after scanning the related Amiibo on Photopia",1.0.0,For sale,PosterNpcNmlGor11,11121
Henry's poster,,1000,250,Green,Beige,1x1,Amiibo,"In the Special Items section in Nook Shopping, after scanning the related Amiibo on Photopia",1.0.0,For sale,PosterNpcNmlFlg19,10321
Hippeux's poster,,1000,250,Yellow,Orange,1x1,Amiibo,"In the Special Items section in Nook Shopping, after scanning the related Amiibo on Photopia",1.0.0,For sale,PosterNpcNmlHip09,10588
Hopkins's poster,,1000,250,Light blue,Yellow,1x1,Amiibo,"In the Special Items section in Nook Shopping, after scanning the related Amiibo on Photopia",1.0.0,For sale,PosterNpcNmlRbt14,10604
Hopper's poster,,1000,250,Black,Yellow,1x1,Amiibo,"In the Special Items section in Nook Shopping, after scanning the related Amiibo on Photopia",1.0.0,For sale,PosterNpcNmlPgn03,10408
Hornsby's poster,,1000,250,Blue,Green,1x1,Amiibo,"In the Special Items section in Nook Shopping, after scanning the related Amiibo on Photopia",1.0.0,For sale,PosterNpcNmlRhn04,10608
Huck's poster,,1000,250,Gray,Red,1x1,Amiibo,"In the Special Items section in Nook Shopping, after scanning the related Amiibo on Photopia",1.0.0,For sale,PosterNpcNmlFlg11,10611
Hugh's poster,,1000,250,Blue,Green,1x1,Amiibo,"In the Special Items section in Nook Shopping, after scanning the related Amiibo on Photopia",1.0.0,For sale,PosterNpcNmlPig03,10407
Iggly's poster,,1000,250,White,Red,1x1,Amiibo,"In the Special Items section in Nook Shopping, after scanning the related Amiibo on Photopia",1.0.0,For sale,PosterNpcNmlPgn11,10602
Ike's poster,,1000,250,Brown,Gray,1x1,Amiibo,"In the Special Items section in Nook Shopping, after scanning the related Amiibo on Photopia",1.0.0,For sale,PosterNpcNmlBea11,10650
Isabelle's poster,,1000,250,Yellow,Green,1x1,Amiibo,"In the Special Items section in Nook Shopping, after scanning the related Amiibo on Photopia",1.0.0,For sale,PosterNpcSpSza,10312
Jack's poster,,1000,250,Orange,Black,1x1,Amiibo,"In the Special Items section in Nook Shopping, after scanning the related Amiibo on Photopia",1.0.0,For sale,PosterNpcSpPkn,10346
Jacques's poster,,1000,250,Green,Pink,1x1,Amiibo,"In the Special Items section in Nook Shopping, after scanning the related Amiibo on Photopia",1.0.0,For sale,PosterNpcNmlBrd16,10804
Jakey's poster,,1000,250,Purple,Black,1x1,Amiibo,"In the Special Items section in Nook Shopping, after scanning the related Amiibo on Photopia",1.0.0,For sale,PosterNpcNmlBrd11,10813
Jambette's poster,,1000,250,Blue,Green,1x1,Amiibo,"In the Special Items section in Nook Shopping, after scanning the related Amiibo on Photopia",1.0.0,For sale,PosterNpcNmlFlg13,10617
Jay's poster,,1000,250,Blue,Orange,1x1,Amiibo,"In the Special Items section in Nook Shopping, after scanning the related Amiibo on Photopia",1.0.0,For sale,PosterNpcNmlBrd00,10404
Jeremiah's poster,,1000,250,Brown,Colorful,1x1,Amiibo,"In the Special Items section in Nook Shopping, after scanning the related Amiibo on Photopia",1.0.0,For sale,PosterNpcNmlFlg07,10688
Jingle's poster,,1000,250,Green,Light blue,1x1,Amiibo,"In the Special Items section in Nook Shopping, after scanning the related Amiibo on Photopia",1.0.0,For sale,PosterNpcSpRei,10439
Jitters's poster,,1000,250,Brown,Blue,1x1,Amiibo,"In the Special Items section in Nook Shopping, after scanning the related Amiibo on Photopia",1.0.0,For sale,PosterNpcNmlBrd04,10818
Joan's poster,,1000,250,Yellow,Light blue,1x1,Amiibo,"In the Special Items section in Nook Shopping, after scanning the related Amiibo on Photopia",1.0.0,For sale,PosterNpcSpBoa,10430
Joey's poster,,1000,250,Pink,Purple,1x1,Amiibo,"In the Special Items section in Nook Shopping, after scanning the related Amiibo on Photopia",1.0.0,For sale,PosterNpcNmlDuk01,10483
Judy's poster,,1000,250,Blue,Green,1x1,Amiibo,"In the Special Items section in Nook Shopping, after scanning the related Amiibo on Photopia",1.0.0,For sale,PosterNpcNmlCbr19,10858
Julia's poster,,1000,250,Light blue,Red,1x1,Amiibo,"In the Special Items section in Nook Shopping, after scanning the related Amiibo on Photopia",1.0.0,For sale,PosterNpcNmlOst05,10630
Julian's poster,,1000,250,Brown,Red,1x1,Amiibo,"In the Special Items section in Nook Shopping, after scanning the related Amiibo on Photopia",1.0.0,For sale,PosterNpcNmlHrs13,10402
June's poster,,1000,250,White,Black,1x1,Amiibo,"In the Special Items section in Nook Shopping, after scanning the related Amiibo on Photopia",1.0.0,For sale,PosterNpcNmlCbr13,10605
K.K.'s poster,,1000,250,White,Colorful,1x1,Amiibo,"In the Special Items section in Nook Shopping, after scanning the related Amiibo on Photopia",1.0.0,For sale,PosterNpcSpTkkA,10331
Kabuki's poster,,1000,250,Green,Blue,1x1,Amiibo,"In the Special Items section in Nook Shopping, after scanning the related Amiibo on Photopia",1.0.0,For sale,PosterNpcNmlCat09,10817
Kapp'n's poster,,1000,250,Yellow,Light blue,1x1,Amiibo,"In the Special Items section in Nook Shopping, after scanning the related Amiibo on Photopia",1.0.0,For sale,PosterNpcSpKpp,10354
Katie's poster,,1000,250,Black,Light blue,1x1,Amiibo,"In the Special Items section in Nook Shopping, after scanning the related Amiibo on Photopia",1.0.0,For sale,PosterNpcSpLom,10337
Katrina's poster,,1000,250,Brown,Black,1x1,Amiibo,"In the Special Items section in Nook Shopping, after scanning the related Amiibo on Photopia",1.0.0,For sale,PosterNpcSpBpt,10517
Katt's poster,,1000,250,Light blue,Yellow,1x1,Amiibo,"In the Special Items section in Nook Shopping, after scanning the related Amiibo on Photopia",1.0.0,For sale,PosterNpcNmlCat21,10528
Keaton's poster,,1000,250,Blue,Black,1x1,Amiibo,"In the Special Items section in Nook Shopping, after scanning the related Amiibo on Photopia",1.0.0,For sale,PosterNpcNmlPbr08,10421
Ken's poster,,1000,250,Green,Light blue,1x1,Amiibo,"In the Special Items section in Nook Shopping, after scanning the related Amiibo on Photopia",1.0.0,For sale,PosterNpcNmlChn13,10445
Kerokerokeroppi poster,,1000,250,Red,Yellow,1x1,Amiibo,"In the Special Items section in Nook Shopping, after scanning the related Amiibo on Photopia",1.0.0,For sale,PosterNpcNmlRbt20,11126
Ketchup's poster,,1000,250,Brown,Black,1x1,Amiibo,"In the Special Items section in Nook Shopping, after scanning the related Amiibo on Photopia",1.0.0,For sale,PosterNpcNmlDuk13,10616
Kevin's poster,,1000,250,Black,Beige,1x1,Amiibo,"In the Special Items section in Nook Shopping, after scanning the related Amiibo on Photopia",1.0.0,For sale,PosterNpcNmlPig15,10585
Kicks's poster,,1000,250,Red,Yellow,1x1,Amiibo,"In the Special Items section in Nook Shopping, after scanning the related Amiibo on Photopia",1.0.0,For sale,PosterNpcSpSkk,10332
Kid Cat's poster,,1000,250,Purple,Gray,1x1,Amiibo,"In the Special Items section in Nook Shopping, after scanning the related Amiibo on Photopia",1.0.0,For sale,PosterNpcNmlCat10,10779
Kidd's poster,,1000,250,Colorful,White,1x1,Amiibo,"In the Special Items section in Nook Shopping, after scanning the related Amiibo on Photopia",1.0.0,For sale,PosterNpcNmlGoa07,10364
Kiki & Lala poster,,1000,250,Black,Green,1x1,Amiibo,"In the Special Items section in Nook Shopping, after scanning the related Amiibo on Photopia",1.0.0,For sale,PosterNpcNmlShp14,11123
Kiki's poster,,1000,250,Green,Purple,1x1,Amiibo,"In the Special Items section in Nook Shopping, after scanning the related Amiibo on Photopia",1.0.0,For sale,PosterNpcNmlCat04,10816
Kitt's poster,,1000,250,Beige,Blue,1x1,Amiibo,"In the Special Items section in Nook Shopping, after scanning the related Amiibo on Photopia",1.0.0,For sale,PosterNpcNmlKgr00,10357
Kitty's poster,,1000,250,Gray,Red,1x1,Amiibo,"In the Special Items section in Nook Shopping, after scanning the related Amiibo on Photopia",1.0.0,For sale,PosterNpcNmlCat14,10395
Klaus's poster,,1000,250,Yellow,Red,1x1,Amiibo,"In the Special Items section in Nook Shopping, after scanning the related Amiibo on Photopia",1.0.0,For sale,PosterNpcNmlBea14,10790
Knox's poster,,1000,250,Light blue,Brown,1x1,Amiibo,"In the Special Items section in Nook Shopping, after scanning the related Amiibo on Photopia",1.0.0,For sale,PosterNpcNmlChn11,10664
Kody's poster,,1000,250,Beige,Black,1x1,Amiibo,"In the Special Items section in Nook Shopping, after scanning the related Amiibo on Photopia",1.0.0,For sale,PosterNpcNmlCbr04,10442
Kyle's poster,,1000,250,Purple,Beige,1x1,Amiibo,"In the Special Items section in Nook Shopping, after scanning the related Amiibo on Photopia",1.0.0,For sale,PosterNpcNmlWol10,10579
Label's poster,,1000,250,Beige,Green,1x1,Amiibo,"In the Special Items section in Nook Shopping, after scanning the related Amiibo on Photopia",1.0.0,For sale,PosterNpcSpHgc,10333
Leif's poster,,1000,250,Green,Blue,1x1,Amiibo,"In the Special Items section in Nook Shopping, after scanning the related Amiibo on Photopia",1.0.0,For sale,PosterNpcSpSlo,10433
Leila's poster,,1000,250,Green,Blue,1x1,Amiibo,"In the Special Items section in Nook Shopping, after scanning the related Amiibo on Photopia",1.0.0,For sale,PosterNpcSpKps,10340
Leilani's poster,,1000,250,Orange,Black,1x1,Amiibo,"In the Special Items section in Nook Shopping, after scanning the related Amiibo on Photopia",1.0.0,For sale,PosterNpcSpKpm,10519
Leonardo's poster,,1000,250,Green,Beige,1x1,Amiibo,"In the Special Items section in Nook Shopping, after scanning the related Amiibo on Photopia",1.0.0,For sale,PosterNpcNmlTig04,10560
Leopold's poster,,1000,250,Light blue,White,1x1,Amiibo,"In the Special Items section in Nook Shopping, after scanning the related Amiibo on Photopia",1.0.0,For sale,PosterNpcNmlLon04,10638
Lily's poster,,1000,250,Orange,Beige,1x1,Amiibo,"In the Special Items section in Nook Shopping, after scanning the related Amiibo on Photopia",1.0.0,For sale,PosterNpcNmlFlg00,10440
Limberg's poster,,1000,250,Brown,Black,1x1,Amiibo,"In the Special Items section in Nook Shopping, after scanning the related Amiibo on Photopia",1.0.0,For sale,PosterNpcNmlMus01,10669
Lionel's poster,,1000,250,Purple,Gray,1x1,Amiibo,"In the Special Items section in Nook Shopping, after scanning the related Amiibo on Photopia",1.0.0,For sale,PosterNpcNmlLon08,10684
Lobo's poster,,1000,250,Light blue,Red,1x1,Amiibo,"In the Special Items section in Nook Shopping, after scanning the related Amiibo on Photopia",1.0.0,For sale,PosterNpcNmlWol01,10587
Lolly's poster,,1000,250,Beige,Red,1x1,Amiibo,"In the Special Items section in Nook Shopping, after scanning the related Amiibo on Photopia",1.0.0,For sale,PosterNpcNmlCat18,10539
Lopez's poster,,1000,250,Pink,Colorful,1x1,Amiibo,"In the Special Items section in Nook Shopping, after scanning the related Amiibo on Photopia",1.0.0,For sale,PosterNpcNmlDer05,10606
Lottie's poster,,1000,250,Brown,Black,1x1,Amiibo,"In the Special Items section in Nook Shopping, after scanning the related Amiibo on Photopia",1.0.0,For sale,PosterNpcSpOtg,10773
Louie's poster,,1000,250,Red,Black,1x1,Amiibo,"In the Special Items section in Nook Shopping, after scanning the related Amiibo on Photopia",1.0.0,For sale,PosterNpcNmlGor04,10631
Lucha's poster,,1000,250,White,Black,1x1,Amiibo,"In the Special Items section in Nook Shopping, after scanning the related Amiibo on Photopia",1.0.0,For sale,PosterNpcNmlBrd15,10351
Lucky's poster,,1000,250,White,Red,1x1,Amiibo,"In the Special Items section in Nook Shopping, after scanning the related Amiibo on Photopia",1.0.0,For sale,PosterNpcNmlDog02,10591
Lucy's poster,,1000,250,Black,Purple,1x1,Amiibo,"In the Special Items section in Nook Shopping, after scanning the related Amiibo on Photopia",1.0.0,For sale,PosterNpcNmlPig04,10554
Luna's poster,,1000,250,Colorful,Blue,1x1,Amiibo,"In the Special Items section in Nook Shopping, after scanning the related Amiibo on Photopia",1.0.0,For sale,PosterNpcSpTap,10491
Lyle's poster,,1000,250,Green,Light blue,1x1,Amiibo,"In the Special Items section in Nook Shopping, after scanning the related Amiibo on Photopia",1.0.0,For sale,PosterNpcSpOtt,10794
Lyman's poster,,1000,250,Blue,Yellow,1x1,Amiibo,"In the Special Items section in Nook Shopping, after scanning the related Amiibo on Photopia",1.0.0,For sale,PosterNpcNmlKal09,10498
Mabel's poster,,1000,250,Brown,Blue,1x1,Amiibo,"In the Special Items section in Nook Shopping, after scanning the related Amiibo on Photopia",1.0.0,For sale,PosterNpcSpHgh,10432
Mac's poster,,1000,250,Brown,Green,1x1,Amiibo,"In the Special Items section in Nook Shopping, after scanning the related Amiibo on Photopia",1.0.0,For sale,PosterNpcNmlDog14,10463
Maddie's poster,,1000,250,Brown,Yellow,1x1,Amiibo,"In the Special Items section in Nook Shopping, after scanning the related Amiibo on Photopia",1.0.0,For sale,PosterNpcNmlDog09,10619
Maelle's poster,,1000,250,Yellow,Pink,1x1,Amiibo,"In the Special Items section in Nook Shopping, after scanning the related Amiibo on Photopia",1.0.0,For sale,PosterNpcNmlDuk03,10593
Maggie's poster,,1000,250,Purple,Blue,1x1,Amiibo,"In the Special Items section in Nook Shopping, after scanning the related Amiibo on Photopia",1.0.0,For sale,PosterNpcNmlPig10,10623
Mallary's poster,,1000,250,Brown,Green,1x1,Amiibo,"In the Special Items section in Nook Shopping, after scanning the related Amiibo on Photopia",1.0.0,For sale,PosterNpcNmlDuk06,10526
Maple's poster,,1000,250,White,Green,1x1,Amiibo,"In the Special Items section in Nook Shopping, after scanning the related Amiibo on Photopia",1.0.0,For sale,PosterNpcNmlCbr01,10510
Marcel's poster,,1000,250,Pink,Beige,1x1,Amiibo,"In the Special Items section in Nook Shopping, after scanning the related Amiibo on Photopia",1.0.0,For sale,PosterNpcNmlDog15,10419
Marcie's poster,,1000,250,White,Pink,1x1,Amiibo,"In the Special Items section in Nook Shopping, after scanning the related Amiibo on Photopia",1.0.0,For sale,PosterNpcNmlKgr10,10659
Margie's poster,,1000,250,Pink,Light blue,1x1,Amiibo,"In the Special Items section in Nook Shopping, after scanning the related Amiibo on Photopia",1.0.0,For sale,PosterNpcNmlElp04,10589
Marina's poster,,1000,250,Beige,Blue,1x1,Amiibo,"In the Special Items section in Nook Shopping, after scanning the related Amiibo on Photopia",1.0.0,For sale,PosterNpcNmlOcp01,10453
Marshal's poster,,1000,250,Black,Red,1x1,Amiibo,"In the Special Items section in Nook Shopping, after scanning the related Amiibo on Photopia",1.0.0,For sale,PosterNpcNmlSqu17,10480
Mathilda's poster,,1000,250,Purple,Yellow,1x1,Amiibo,"In the Special Items section in Nook Shopping, after scanning the related Amiibo on Photopia",1.0.0,For sale,PosterNpcNmlKgr01,10391
Megan's poster,,1000,250,Beige,Green,1x1,Amiibo,"In the Special Items section in Nook Shopping, after scanning the related Amiibo on Photopia",1.0.0,For sale,PosterNpcNmlBea15,10860
Melba's poster,,1000,250,Pink,Beige,1x1,Amiibo,"In the Special Items section in Nook Shopping, after scanning the related Amiibo on Photopia",1.0.0,For sale,PosterNpcNmlKal02,10547
Merengue's poster,,1000,250,Beige,Pink,1x1,Amiibo,"In the Special Items section in Nook Shopping, after scanning the related Amiibo on Photopia",1.0.0,For sale,PosterNpcNmlRhn07,10502
Merry's poster,,1000,250,Pink,Green,1x1,Amiibo,"In the Special Items section in Nook Shopping, after scanning the related Amiibo on Photopia",1.0.0,For sale,PosterNpcNmlCat16,10789
Midge's poster,,1000,250,Green,Pink,1x1,Amiibo,"In the Special Items section in Nook Shopping, after scanning the related Amiibo on Photopia",1.0.0,For sale,PosterNpcNmlBrd08,10677
Mint's poster,,1000,250,Yellow,Pink,1x1,Amiibo,"In the Special Items section in Nook Shopping, after scanning the related Amiibo on Photopia",1.0.0,For sale,PosterNpcNmlSqu09,10675
Mira's poster,,1000,250,Pink,Light blue,1x1,Amiibo,"In the Special Items section in Nook Shopping, after scanning the related Amiibo on Photopia",1.0.0,For sale,PosterNpcNmlRbt19,10561
Miranda's poster,,1000,250,Blue,Red,1x1,Amiibo,"In the Special Items section in Nook Shopping, after scanning the related Amiibo on Photopia",1.0.0,For sale,PosterNpcNmlDuk12,10443
Mitzi's poster,,1000,250,Blue,Green,1x1,Amiibo,"In the Special Items section in Nook Shopping, after scanning the related Amiibo on Photopia",1.0.0,For sale,PosterNpcNmlCat01,10784
Moe's poster,,1000,250,Beige,Light blue,1x1,Amiibo,"In the Special Items section in Nook Shopping, after scanning the related Amiibo on Photopia",1.0.0,For sale,PosterNpcNmlCat08,10791
Molly's poster,,1000,250,Beige,Red,1x1,Amiibo,"In the Special Items section in Nook Shopping, after scanning the related Amiibo on Photopia",1.0.0,For sale,PosterNpcNmlDuk16,10329
Monique's poster,,1000,250,Gray,Pink,1x1,Amiibo,"In the Special Items section in Nook Shopping, after scanning the related Amiibo on Photopia",1.0.0,For sale,PosterNpcNmlCat11,10820
Monty's poster,,1000,250,Gray,Yellow,1x1,Amiibo,"In the Special Items section in Nook Shopping, after scanning the related Amiibo on Photopia",1.0.0,For sale,PosterNpcNmlMnk04,10494
Moose's poster,,1000,250,Yellow,Brown,1x1,Amiibo,"In the Special Items section in Nook Shopping, after scanning the related Amiibo on Photopia",1.0.0,For sale,PosterNpcNmlMus14,10387
Mott's poster,,1000,250,Purple,Black,1x1,Amiibo,"In the Special Items section in Nook Shopping, after scanning the related Amiibo on Photopia",1.0.0,For sale,PosterNpcNmlLon06,10525
Muffy's poster,,1000,250,Green,Brown,1x1,Amiibo,"In the Special Items section in Nook Shopping, after scanning the related Amiibo on Photopia",1.0.0,For sale,PosterNpcNmlShp12,10320
Murphy's poster,,1000,250,Pink,Pink,1x1,Amiibo,"In the Special Items section in Nook Shopping, after scanning the related Amiibo on Photopia",1.0.0,For sale,PosterNpcNmlCbr07,10624
My Melody poster,,1000,250,Black,Pink,1x1,Amiibo,"In the Special Items section in Nook Shopping, after scanning the related Amiibo on Photopia",1.0.0,For sale,PosterNpcNmlDer10,11125
Nan's poster,,1000,250,Pink,Beige,1x1,Amiibo,"In the Special Items section in Nook Shopping, after scanning the related Amiibo on Photopia",1.0.0,For sale,PosterNpcNmlGoa01,10397
Nana's poster,,1000,250,Blue,Pink,1x1,Amiibo,"In the Special Items section in Nook Shopping, after scanning the related Amiibo on Photopia",1.0.0,For sale,PosterNpcNmlMnk01,10371
Naomi's poster,,1000,250,Green,Green,1x1,Amiibo,"In the Special Items section in Nook Shopping, after scanning the related Amiibo on Photopia",1.0.0,For sale,PosterNpcNmlCow07,10551
Nat's poster,,1000,250,Green,Light blue,1x1,Amiibo,"In the Special Items section in Nook Shopping, after scanning the related Amiibo on Photopia",1.0.0,For sale,PosterNpcSpChm,10344
Nate's poster,,1000,250,Green,Pink,1x1,Amiibo,"In the Special Items section in Nook Shopping, after scanning the related Amiibo on Photopia",1.0.0,For sale,PosterNpcNmlBea05,10821
Nibbles's poster,,1000,250,Light blue,Pink,1x1,Amiibo,"In the Special Items section in Nook Shopping, after scanning the related Amiibo on Photopia",1.0.0,For sale,PosterNpcNmlSqu04,10584
Norma's poster,,1000,250,Brown,Blue,1x1,Amiibo,"In the Special Items section in Nook Shopping, after scanning the related Amiibo on Photopia",1.0.0,For sale,PosterNpcNmlCow06,10642
O'Hare's poster,,1000,250,Red,Colorful,1x1,Amiibo,"In the Special Items section in Nook Shopping, after scanning the related Amiibo on Photopia",1.0.0,For sale,PosterNpcNmlRbt15,10595
Octavian's poster,,1000,250,Brown,Black,1x1,Amiibo,"In the Special Items section in Nook Shopping, after scanning the related Amiibo on Photopia",1.0.0,For sale,PosterNpcNmlOcp00,10662
Olaf's poster,,1000,250,Gray,Green,1x1,Amiibo,"In the Special Items section in Nook Shopping, after scanning the related Amiibo on Photopia",1.0.0,For sale,PosterNpcNmlAnt09,10801
Olive's poster,,1000,250,White,Black,1x1,Amiibo,"In the Special Items section in Nook Shopping, after scanning the related Amiibo on Photopia",1.0.0,For sale,PosterNpcNmlCbr09,10646
Olivia's poster,,1000,250,Green,Brown,1x1,Amiibo,"In the Special Items section in Nook Shopping, after scanning the related Amiibo on Photopia",1.0.0,For sale,PosterNpcNmlCat03,10774
Opal's poster,,1000,250,Beige,Red,1x1,Amiibo,"In the Special Items section in Nook Shopping, after scanning the related Amiibo on Photopia",1.0.0,For sale,PosterNpcNmlElp00,10667
Ozzie's poster,,1000,250,Brown,Yellow,1x1,Amiibo,"In the Special Items section in Nook Shopping, after scanning the related Amiibo on Photopia",1.0.0,For sale,PosterNpcNmlKal05,10349
Pancetti's poster,,1000,250,Green,Beige,1x1,Amiibo,"In the Special Items section in Nook Shopping, after scanning the related Amiibo on Photopia",1.0.0,For sale,PosterNpcNmlPig16,10314
Pango's poster,,1000,250,Pink,Yellow,1x1,Amiibo,"In the Special Items section in Nook Shopping, after scanning the related Amiibo on Photopia",1.0.0,For sale,PosterNpcNmlAnt02,10420
Paolo's poster,,1000,250,White,Light blue,1x1,Amiibo,"In the Special Items section in Nook Shopping, after scanning the related Amiibo on Photopia",1.0.0,For sale,PosterNpcNmlElp05,10607
Papi's poster,,1000,250,Red,Light blue,1x1,Amiibo,"In the Special Items section in Nook Shopping, after scanning the related Amiibo on Photopia",1.0.0,For sale,PosterNpcNmlHrs12,10564
Pascal's poster,,1000,250,Orange,Beige,1x1,Amiibo,"In the Special Items section in Nook Shopping, after scanning the related Amiibo on Photopia",1.0.0,For sale,PosterNpcSpSeo,10785
Pashmina's poster,,1000,250,Light blue,Red,1x1,Amiibo,"In the Special Items section in Nook Shopping, after scanning the related Amiibo on Photopia",1.0.0,For sale,PosterNpcNmlGoa08,10537
Pate's poster,,1000,250,Brown,Light blue,1x1,Amiibo,"In the Special Items section in Nook Shopping, after scanning the related Amiibo on Photopia",1.0.0,For sale,PosterNpcNmlDuk02,10361
Patty's poster,,1000,250,Beige,Pink,1x1,Amiibo,"In the Special Items section in Nook Shopping, after scanning the related Amiibo on Photopia",1.0.0,For sale,PosterNpcNmlCow00,10656
Paula's poster,,1000,250,Light blue,Pink,1x1,Amiibo,"In the Special Items section in Nook Shopping, after scanning the related Amiibo on Photopia",1.0.0,For sale,PosterNpcNmlBea10,10783
Pav's poster,,1000,250,Pink,Light blue,1x1,Amiibo,"In the Special Items section in Nook Shopping, after scanning the related Amiibo on Photopia",1.0.0,For sale,PosterNpcSpPck,10520
Peaches's poster,,1000,250,Pink,Yellow,1x1,Amiibo,"In the Special Items section in Nook Shopping, after scanning the related Amiibo on Photopia",1.0.0,For sale,PosterNpcNmlHrs08,10531
Peanut's poster,,1000,250,Brown,Purple,1x1,Amiibo,"In the Special Items section in Nook Shopping, after scanning the related Amiibo on Photopia",1.0.0,For sale,PosterNpcNmlSqu00,10325
Pecan's poster,,1000,250,Brown,Black,1x1,Amiibo,"In the Special Items section in Nook Shopping, after scanning the related Amiibo on Photopia",1.0.0,For sale,PosterNpcNmlSqu03,10409
Peck's poster,,1000,250,Black,Orange,1x1,Amiibo,"In the Special Items section in Nook Shopping, after scanning the related Amiibo on Photopia",1.0.0,For sale,PosterNpcNmlBrd17,10372
Peewee's poster,,1000,250,Beige,Red,1x1,Amiibo,"In the Special Items section in Nook Shopping, after scanning the related Amiibo on Photopia",1.0.0,For sale,PosterNpcNmlGor01,10552
Peggy's poster,,1000,250,Beige,Yellow,1x1,Amiibo,"In the Special Items section in Nook Shopping, after scanning the related Amiibo on Photopia",1.0.0,For sale,PosterNpcNmlPig11,10571
Pekoe's poster,,1000,250,White,Red,1x1,Amiibo,"In the Special Items section in Nook Shopping, after scanning the related Amiibo on Photopia",1.0.0,For sale,PosterNpcNmlCbr14,10390
Pelly's poster,,1000,250,Pink,Blue,1x1,Amiibo,"In the Special Items section in Nook Shopping, after scanning the related Amiibo on Photopia",1.0.0,For sale,PosterNpcSpPlk,10429
Penelope's poster,,1000,250,Green,Red,1x1,Amiibo,"In the Special Items section in Nook Shopping, after scanning the related Amiibo on Photopia",1.0.0,For sale,PosterNpcNmlMus17,10533
Pete's poster,,1000,250,Purple,Brown,1x1,Amiibo,"In the Special Items section in Nook Shopping, after scanning the related Amiibo on Photopia",1.0.0,For sale,PosterNpcSpPlo,10780
Phil's poster,,1000,250,Beige,Green,1x1,Amiibo,"In the Special Items section in Nook Shopping, after scanning the related Amiibo on Photopia",1.0.0,For sale,PosterNpcNmlOst07,10673
Phineas's poster,,1000,250,Red,Yellow,1x1,Amiibo,"In the Special Items section in Nook Shopping, after scanning the related Amiibo on Photopia",1.0.0,For sale,PosterNpcSpFsl,10796
Phoebe's poster,,1000,250,Purple,Red,1x1,Amiibo,"In the Special Items section in Nook Shopping, after scanning the related Amiibo on Photopia",1.0.0,For sale,PosterNpcNmlOst10,10365
Phyllis's poster,,1000,250,Light blue,Beige,1x1,Amiibo,"In the Special Items section in Nook Shopping, after scanning the related Amiibo on Photopia",1.0.0,For sale,PosterNpcSpPlm,10431
Pierce's poster,,1000,250,Colorful,Beige,1x1,Amiibo,"In the Special Items section in Nook Shopping, after scanning the related Amiibo on Photopia",1.0.0,For sale,PosterNpcNmlPbr02,10542
Pietro's poster,,1000,250,Pink,Red,1x1,Amiibo,"In the Special Items section in Nook Shopping, after scanning the related Amiibo on Photopia",1.0.0,For sale,PosterNpcNmlShp13,10562
Pinky's poster,,1000,250,White,Green,1x1,Amiibo,"In the Special Items section in Nook Shopping, after scanning the related Amiibo on Photopia",1.0.0,For sale,PosterNpcNmlBea01,10798
Piper's poster,,1000,250,Beige,Red,1x1,Amiibo,"In the Special Items section in Nook Shopping, after scanning the related Amiibo on Photopia",1.0.0,For sale,PosterNpcNmlBrd05,10810
Pippy's poster,,1000,250,Brown,Light blue,1x1,Amiibo,"In the Special Items section in Nook Shopping, after scanning the related Amiibo on Photopia",1.0.0,For sale,PosterNpcNmlRbt06,10484
Plucky's poster,,1000,250,White,Pink,1x1,Amiibo,"In the Special Items section in Nook Shopping, after scanning the related Amiibo on Photopia",1.0.0,For sale,PosterNpcNmlChn10,10626
Pompom's poster,,1000,250,Yellow,Brown,1x1,Amiibo,"In the Special Items section in Nook Shopping, after scanning the related Amiibo on Photopia",1.0.0,For sale,PosterNpcNmlDuk05,10577
Pompompurin poster,,1000,250,Blue,Green,1x1,Amiibo,"In the Special Items section in Nook Shopping, after scanning the related Amiibo on Photopia",1.0.0,For sale,PosterNpcNmlCbr18,11122
Poncho's poster,,1000,250,Red,Light blue,1x1,Amiibo,"In the Special Items section in Nook Shopping, after scanning the related Amiibo on Photopia",1.0.0,For sale,PosterNpcNmlCbr02,10347
Poppy's poster,,1000,250,Beige,Blue,1x1,Amiibo,"In the Special Items section in Nook Shopping, after scanning the related Amiibo on Photopia",1.0.0,For sale,PosterNpcNmlSqu15,10668
Porter's poster,,1000,250,White,Purple,1x1,Amiibo,"In the Special Items section in Nook Shopping, after scanning the related Amiibo on Photopia",1.0.0,For sale,PosterNpcSpMnk,10339
Portia's poster,,1000,250,Green,Light blue,1x1,Amiibo,"In the Special Items section in Nook Shopping, after scanning the related Amiibo on Photopia",1.0.0,For sale,PosterNpcNmlDog05,10550
Prince's poster,,1000,250,Blue,White,1x1,Amiibo,"In the Special Items section in Nook Shopping, after scanning the related Amiibo on Photopia",1.0.0,For sale,PosterNpcNmlFlg12,10360
Puck's poster,,1000,250,Pink,Green,1x1,Amiibo,"In the Special Items section in Nook Shopping, after scanning the related Amiibo on Photopia",1.0.0,For sale,PosterNpcNmlPgn06,10660
Puddles's poster,,1000,250,Orange,Green,1x1,Amiibo,"In the Special Items section in Nook Shopping, after scanning the related Amiibo on Photopia",1.0.0,For sale,PosterNpcNmlFlg06,10556
Pudge's poster,,1000,250,Black,White,1x1,Amiibo,"In the Special Items section in Nook Shopping, after scanning the related Amiibo on Photopia",1.0.0,For sale,PosterNpcNmlCbr03,10676
Punchy's poster,,1000,250,Beige,Brown,1x1,Amiibo,"In the Special Items section in Nook Shopping, after scanning the related Amiibo on Photopia",1.0.0,For sale,PosterNpcNmlCat06,10819
Purrl's poster,,1000,250,Purple,Beige,1x1,Amiibo,"In the Special Items section in Nook Shopping, after scanning the related Amiibo on Photopia",1.0.0,For sale,PosterNpcNmlCat07,10802
Queenie's poster,,1000,250,Green,Gray,1x1,Amiibo,"In the Special Items section in Nook Shopping, after scanning the related Amiibo on Photopia",1.0.0,For sale,PosterNpcNmlOst00,10543
Quillson's poster,,1000,250,Black,Yellow,1x1,Amiibo,"In the Special Items section in Nook Shopping, after scanning the related Amiibo on Photopia",1.0.0,For sale,PosterNpcNmlDuk17,10658
Raddle's poster,,1000,250,Red,Blue,1x1,Amiibo,"In the Special Items section in Nook Shopping, after scanning the related Amiibo on Photopia",1.0.0,For sale,PosterNpcNmlFlg15,10629
Rasher's poster,,1000,250,Gray,Beige,1x1,Amiibo,"In the Special Items section in Nook Shopping, after scanning the related Amiibo on Photopia",1.0.0,For sale,PosterNpcNmlPig02,10625
Raymond's poster,,1000,250,Orange,Green,1x1,Amiibo,"In the Special Items section in Nook Shopping, after scanning the related Amiibo on Photopia",1.0.0,For sale,PosterNpcNmlCat23,10861
Redd's poster,,1000,250,Pink,Red,1x1,Amiibo,"In the Special Items section in Nook Shopping, after scanning the related Amiibo on Photopia",1.0.0,For sale,PosterNpcSpFox,10471
Reese's poster,,1000,250,Pink,White,1x1,Amiibo,"In the Special Items section in Nook Shopping, after scanning the related Amiibo on Photopia",1.0.0,For sale,PosterNpcSpAlw,10772
Rene's poster,,1000,250,Black,Blue,1x1,Amiibo,"In the Special Items section in Nook Shopping, after scanning the related Amiibo on Photopia",1.0.0,For sale,PosterNpcNmlRhn08,10599
Reneigh's poster,,1000,250,Brown,Light blue,1x1,Amiibo,"In the Special Items section in Nook Shopping, after scanning the related Amiibo on Photopia",1.0.0,For sale,PosterNpcNmlHrs16,10857
Resetti's poster,,1000,250,Brown,Light blue,1x1,Amiibo,"In the Special Items section in Nook Shopping, after scanning the related Amiibo on Photopia",1.0.0,For sale,PosterNpcSpMol,10313
Rex's poster,,1000,250,White,Purple,1x1,Amiibo,"In the Special Items section in Nook Shopping, after scanning the related Amiibo on Photopia",1.0.0,For sale,PosterNpcNmlLon02,10618
Rhonda's poster,,1000,250,Gray,Yellow,1x1,Amiibo,"In the Special Items section in Nook Shopping, after scanning the related Amiibo on Photopia",1.0.0,For sale,PosterNpcNmlRhn01,10383
Ribbot's poster,,1000,250,Orange,Blue,1x1,Amiibo,"In the Special Items section in Nook Shopping, after scanning the related Amiibo on Photopia",1.0.0,For sale,PosterNpcNmlFlg01,10572
Ricky's poster,,1000,250,Purple,Blue,1x1,Amiibo,"In the Special Items section in Nook Shopping, after scanning the related Amiibo on Photopia",1.0.0,For sale,PosterNpcNmlSqu10,10458
Rizzo's poster,,1000,250,Blue,Red,1x1,Amiibo,"In the Special Items section in Nook Shopping, after scanning the related Amiibo on Photopia",1.0.0,For sale,PosterNpcNmlMus09,10581
Roald's poster,,1000,250,Blue,Yellow,1x1,Amiibo,"In the Special Items section in Nook Shopping, after scanning the related Amiibo on Photopia",1.0.0,For sale,PosterNpcNmlPgn01,10328
Robin's poster,,1000,250,Green,Black,1x1,Amiibo,"In the Special Items section in Nook Shopping, after scanning the related Amiibo on Photopia",1.0.0,For sale,PosterNpcNmlBrd01,10809
Rocco's poster,,1000,250,Pink,Light blue,1x1,Amiibo,"In the Special Items section in Nook Shopping, after scanning the related Amiibo on Photopia",1.0.0,For sale,PosterNpcNmlHip00,10527
Rocket's poster,,1000,250,Purple,Light blue,1x1,Amiibo,"In the Special Items section in Nook Shopping, after scanning the related Amiibo on Photopia",1.0.0,For sale,PosterNpcNmlGor09,10427
Rod's poster,,1000,250,Gray,Black,1x1,Amiibo,"In the Special Items section in Nook Shopping, after scanning the related Amiibo on Photopia",1.0.0,For sale,PosterNpcNmlMus05,10566
Rodeo's poster,,1000,250,Light blue,Beige,1x1,Amiibo,"In the Special Items section in Nook Shopping, after scanning the related Amiibo on Photopia",1.0.0,For sale,PosterNpcNmlBul01,10446
Rodney's poster,,1000,250,White,Blue,1x1,Amiibo,"In the Special Items section in Nook Shopping, after scanning the related Amiibo on Photopia",1.0.0,For sale,PosterNpcNmlHam03,10375
Rolf's poster,,1000,250,Light blue,Black,1x1,Amiibo,"In the Special Items section in Nook Shopping, after scanning the related Amiibo on Photopia",1.0.0,For sale,PosterNpcNmlTig00,10509
Rooney's poster,,1000,250,Orange,Light blue,1x1,Amiibo,"In the Special Items section in Nook Shopping, after scanning the related Amiibo on Photopia",1.0.0,For sale,PosterNpcNmlKgr09,10487
Rory's poster,,1000,250,Black,Gray,1x1,Amiibo,"In the Special Items section in Nook Shopping, after scanning the related Amiibo on Photopia",1.0.0,For sale,PosterNpcNmlLon07,10557
Roscoe's poster,,1000,250,Blue,Pink,1x1,Amiibo,"In the Special Items section in Nook Shopping, after scanning the related Amiibo on Photopia",1.0.0,For sale,PosterNpcNmlHrs04,10690
Rosie's poster,,1000,250,Blue,Red,1x1,Amiibo,"In the Special Items section in Nook Shopping, after scanning the related Amiibo on Photopia",1.0.0,For sale,PosterNpcNmlCat02,10805
Rover's poster,,1000,250,Orange,Light blue,1x1,Amiibo,"In the Special Items section in Nook Shopping, after scanning the related Amiibo on Photopia",1.0.0,For sale,PosterNpcSpXct,10428
Rowan's poster,,1000,250,White,Blue,1x1,Amiibo,"In the Special Items section in Nook Shopping, after scanning the related Amiibo on Photopia",1.0.0,For sale,PosterNpcNmlTig01,10592
Ruby's poster,,1000,250,Brown,Colorful,1x1,Amiibo,"In the Special Items section in Nook Shopping, after scanning the related Amiibo on Photopia",1.0.0,For sale,PosterNpcNmlRbt09,10399
Rudy's poster,,1000,250,Brown,Green,1x1,Amiibo,"In the Special Items section in Nook Shopping, after scanning the related Amiibo on Photopia",1.0.0,For sale,PosterNpcNmlCat20,10549
Sable's poster,,1000,250,Beige,Light blue,1x1,Amiibo,"In the Special Items section in Nook Shopping, after scanning the related Amiibo on Photopia",1.0.0,For sale,PosterNpcSpHgs,10777
Saharah's poster,,1000,250,Orange,Green,1x1,Amiibo,"In the Special Items section in Nook Shopping, after scanning the related Amiibo on Photopia",1.0.0,For sale,PosterNpcSpCml,10481
Sally's poster,,1000,250,Gray,Green,1x1,Amiibo,"In the Special Items section in Nook Shopping, after scanning the related Amiibo on Photopia",1.0.0,For sale,PosterNpcNmlSqu07,10575
Samson's poster,,1000,250,Orange,Blue,1x1,Amiibo,"In the Special Items section in Nook Shopping, after scanning the related Amiibo on Photopia",1.0.0,For sale,PosterNpcNmlMus04,10674
Sandy's poster,,1000,250,White,Red,1x1,Amiibo,"In the Special Items section in Nook Shopping, after scanning the related Amiibo on Photopia",1.0.0,For sale,PosterNpcNmlOst02,10627
Savannah's poster,,1000,250,Green,Blue,1x1,Amiibo,"In the Special Items section in Nook Shopping, after scanning the related Amiibo on Photopia",1.0.0,For sale,PosterNpcNmlHrs02,10363
Scoot's poster,,1000,250,Gray,Green,1x1,Amiibo,"In the Special Items section in Nook Shopping, after scanning the related Amiibo on Photopia",1.0.0,For sale,PosterNpcNmlDuk10,10376
Shari's poster,,1000,250,Yellow,Red,1x1,Amiibo,"In the Special Items section in Nook Shopping, after scanning the related Amiibo on Photopia",1.0.0,For sale,PosterNpcNmlMnk07,10661
Sheldon's poster,,1000,250,Brown,Beige,1x1,Amiibo,"In the Special Items section in Nook Shopping, after scanning the related Amiibo on Photopia",1.0.0,For sale,PosterNpcNmlSqu16,10645
Shep's poster,,1000,250,Light blue,Pink,1x1,Amiibo,"In the Special Items section in Nook Shopping, after scanning the related Amiibo on Photopia",1.0.0,For sale,PosterNpcNmlDog18,10538
Sherb's poster,,1000,250,Red,Colorful,1x1,Amiibo,"In the Special Items section in Nook Shopping, after scanning the related Amiibo on Photopia",1.0.0,For sale,PosterNpcNmlGoa09,10863
Shrunk's poster,,1000,250,Yellow,Red,1x1,Amiibo,"In the Special Items section in Nook Shopping, after scanning the related Amiibo on Photopia",1.0.0,For sale,PosterNpcSpUpa,10341
Simon's poster,,1000,250,Light blue,Red,1x1,Amiibo,"In the Special Items section in Nook Shopping, after scanning the related Amiibo on Photopia",1.0.0,For sale,PosterNpcNmlMnk02,10601
Skye's poster,,1000,250,Orange,Brown,1x1,Amiibo,"In the Special Items section in Nook Shopping, after scanning the related Amiibo on Photopia",1.0.0,For sale,PosterNpcNmlWol09,10489
Sly's poster,,1000,250,Pink,Blue,1x1,Amiibo,"In the Special Items section in Nook Shopping, after scanning the related Amiibo on Photopia",1.0.0,For sale,PosterNpcNmlCrd06,10368
Snake's poster,,1000,250,Pink,Green,1x1,Amiibo,"In the Special Items section in Nook Shopping, after scanning the related Amiibo on Photopia",1.0.0,For sale,PosterNpcNmlRbt03,10671
Snooty's poster,,1000,250,Orange,Light blue,1x1,Amiibo,"In the Special Items section in Nook Shopping, after scanning the related Amiibo on Photopia",1.0.0,For sale,PosterNpcNmlAnt06,10815
Soleil's poster,,1000,250,Brown,Blue,1x1,Amiibo,"In the Special Items section in Nook Shopping, after scanning the related Amiibo on Photopia",1.0.0,For sale,PosterNpcNmlHam04,10511
Sparro's poster,,1000,250,Orange,Black,1x1,Amiibo,"In the Special Items section in Nook Shopping, after scanning the related Amiibo on Photopia",1.0.0,For sale,PosterNpcNmlBrd18,10793
Spike's poster,,1000,250,White,Pink,1x1,Amiibo,"In the Special Items section in Nook Shopping, after scanning the related Amiibo on Photopia",1.0.0,For sale,PosterNpcNmlRhn02,10639
Sprinkle's poster,,1000,250,Purple,Brown,1x1,Amiibo,"In the Special Items section in Nook Shopping, after scanning the related Amiibo on Photopia",1.0.0,For sale,PosterNpcNmlPgn14,10405
Sprocket's poster,,1000,250,Pink,Light blue,1x1,Amiibo,"In the Special Items section in Nook Shopping, after scanning the related Amiibo on Photopia",1.0.0,For sale,PosterNpcNmlOst03,10644
Static's poster,,1000,250,Gray,Blue,1x1,Amiibo,"In the Special Items section in Nook Shopping, after scanning the related Amiibo on Photopia",1.0.0,For sale,PosterNpcNmlSqu08,10567
Stella's poster,,1000,250,Red,Gray,1x1,Amiibo,"In the Special Items section in Nook Shopping, after scanning the related Amiibo on Photopia",1.0.0,For sale,PosterNpcNmlShp03,10609
Sterling's poster,,1000,250,Colorful,Light blue,1x1,Amiibo,"In the Special Items section in Nook Shopping, after scanning the related Amiibo on Photopia",1.0.0,For sale,PosterNpcNmlPbr07,10665
Stinky's poster,,1000,250,Blue,Blue,1x1,Amiibo,"In the Special Items section in Nook Shopping, after scanning the related Amiibo on Photopia",1.0.0,For sale,PosterNpcNmlCat13,10475
Stitches's poster,,1000,250,Purple,Yellow,1x1,Amiibo,"In the Special Items section in Nook Shopping, after scanning the related Amiibo on Photopia",1.0.0,For sale,PosterNpcNmlCbr05,10524
Stu's poster,,1000,250,Brown,Purple,1x1,Amiibo,"In the Special Items section in Nook Shopping, after scanning the related Amiibo on Photopia",1.0.0,For sale,PosterNpcNmlBul03,10811
Sydney's poster,,1000,250,Purple,Orange,1x1,Amiibo,"In the Special Items section in Nook Shopping, after scanning the related Amiibo on Photopia",1.0.0,For sale,PosterNpcNmlKal03,10582
Sylvana's poster,,1000,250,Gray,Blue,1x1,Amiibo,"In the Special Items section in Nook Shopping, after scanning the related Amiibo on Photopia",1.0.0,For sale,PosterNpcNmlSqu14,10612
Sylvia's poster,,1000,250,Orange,Black,1x1,Amiibo,"In the Special Items section in Nook Shopping, after scanning the related Amiibo on Photopia",1.0.0,For sale,PosterNpcNmlKgr06,10574
T-Bone's poster,,1000,250,Green,Blue,1x1,Amiibo,"In the Special Items section in Nook Shopping, after scanning the related Amiibo on Photopia",1.0.0,For sale,PosterNpcNmlBul05,10823
Tabby's poster,,1000,250,Yellow,Purple,1x1,Amiibo,"In the Special Items section in Nook Shopping, after scanning the related Amiibo on Photopia",1.0.0,For sale,PosterNpcNmlCat12,10441
Tad's poster,,1000,250,Yellow,Light blue,1x1,Amiibo,"In the Special Items section in Nook Shopping, after scanning the related Amiibo on Photopia",1.0.0,For sale,PosterNpcNmlFlg09,10641
Tammi's poster,,1000,250,Orange,Green,1x1,Amiibo,"In the Special Items section in Nook Shopping, after scanning the related Amiibo on Photopia",1.0.0,For sale,PosterNpcNmlMnk03,10476
Tammy's poster,,1000,250,Gray,Red,1x1,Amiibo,"In the Special Items section in Nook Shopping, after scanning the related Amiibo on Photopia",1.0.0,For sale,PosterNpcNmlCbr17,10553
Tangy's poster,,1000,250,Black,Brown,1x1,Amiibo,"In the Special Items section in Nook Shopping, after scanning the related Amiibo on Photopia",1.0.0,For sale,PosterNpcNmlCat05,10786
Tank's poster,,1000,250,Orange,Colorful,1x1,Amiibo,"In the Special Items section in Nook Shopping, after scanning the related Amiibo on Photopia",1.0.0,For sale,PosterNpcNmlRhn00,10578
Tasha's poster,,1000,250,Black,Gray,1x1,Amiibo,"In the Special Items section in Nook Shopping, after scanning the related Amiibo on Photopia",1.0.0,For sale,PosterNpcNmlSqu13,10651
Teddy's poster,,1000,250,White,Light blue,1x1,Amiibo,"In the Special Items section in Nook Shopping, after scanning the related Amiibo on Photopia",1.0.0,For sale,PosterNpcNmlBea00,10775
Tex's poster,,1000,250,White,Black,1x1,Amiibo,"In the Special Items section in Nook Shopping, after scanning the related Amiibo on Photopia",1.0.0,For sale,PosterNpcNmlPgn12,10546
Tia's poster,,1000,250,Brown,Blue,1x1,Amiibo,"In the Special Items section in Nook Shopping, after scanning the related Amiibo on Photopia",1.0.0,For sale,PosterNpcNmlElp10,10350
Tiffany's poster,,1000,250,Brown,Green,1x1,Amiibo,"In the Special Items section in Nook Shopping, after scanning the related Amiibo on Photopia",1.0.0,For sale,PosterNpcNmlRbt07,10635
Timbra's poster,,1000,250,White,Pink,1x1,Amiibo,"In the Special Items section in Nook Shopping, after scanning the related Amiibo on Photopia",1.0.0,For sale,PosterNpcNmlShp10,10388
Timmy's poster,,1000,250,Brown,Green,1x1,Amiibo,"In the Special Items section in Nook Shopping, after scanning the related Amiibo on Photopia",1.0.0,For sale,PosterNpcSpRcm,10437
Tipper's poster,,1000,250,Blue,Black,1x1,Amiibo,"In the Special Items section in Nook Shopping, after scanning the related Amiibo on Photopia",1.0.0,For sale,PosterNpcNmlCow01,10359
Tom Nook's poster,,1000,250,Brown,Green,1x1,Amiibo,"In the Special Items section in Nook Shopping, after scanning the related Amiibo on Photopia",1.0.0,For sale,PosterNpcSpRco,10384
Tom's poster,,1000,250,Green,Blue,1x1,Amiibo,"In the Special Items section in Nook Shopping, after scanning the related Amiibo on Photopia",1.0.0,For sale,PosterNpcNmlCat15,10358
Tommy's poster,,1000,250,Pink,Orange,1x1,Amiibo,"In the Special Items section in Nook Shopping, after scanning the related Amiibo on Photopia",1.0.0,For sale,PosterNpcSpRct,10338
Tortimer's poster,,1000,250,Orange,Yellow,1x1,Amiibo,"In the Special Items section in Nook Shopping, after scanning the related Amiibo on Photopia",1.0.0,For sale,PosterNpcSpTtlA,10792
Truffles's poster,,1000,250,White,Red,1x1,Amiibo,"In the Special Items section in Nook Shopping, after scanning the related Amiibo on Photopia",1.0.0,For sale,PosterNpcNmlPig01,10691
Tucker's poster,,1000,250,Yellow,Light blue,1x1,Amiibo,"In the Special Items section in Nook Shopping, after scanning the related Amiibo on Photopia",1.0.0,For sale,PosterNpcNmlElp09,10477
Tutu's poster,,1000,250,Orange,Orange,1x1,Amiibo,"In the Special Items section in Nook Shopping, after scanning the related Amiibo on Photopia",1.0.0,For sale,PosterNpcNmlBea07,10822
Twiggy's poster,,1000,250,Pink,Yellow,1x1,Amiibo,"In the Special Items section in Nook Shopping, after scanning the related Amiibo on Photopia",1.0.0,For sale,PosterNpcNmlBrd03,10808
Tybalt's poster,,1000,250,Pink,Brown,1x1,Amiibo,"In the Special Items section in Nook Shopping, after scanning the related Amiibo on Photopia",1.0.0,For sale,PosterNpcNmlTig02,10610
Ursala's poster,,1000,250,White,Black,1x1,Amiibo,"In the Special Items section in Nook Shopping, after scanning the related Amiibo on Photopia",1.0.0,For sale,PosterNpcNmlBea08,10812
Velma's poster,,1000,250,Brown,Black,1x1,Amiibo,"In the Special Items section in Nook Shopping, after scanning the related Amiibo on Photopia",1.0.0,For sale,PosterNpcNmlGoa06,10449
Vesta's poster,,1000,250,Yellow,Green,1x1,Amiibo,"In the Special Items section in Nook Shopping, after scanning the related Amiibo on Photopia",1.0.0,For sale,PosterNpcNmlShp00,10418
Vic's poster,,1000,250,Red,Yellow,1x1,Amiibo,"In the Special Items section in Nook Shopping, after scanning the related Amiibo on Photopia",1.0.0,For sale,PosterNpcNmlBul08,10415
Victoria's poster,,1000,250,Pink,Green,1x1,Amiibo,"In the Special Items section in Nook Shopping, after scanning the related Amiibo on Photopia",1.0.0,For sale,PosterNpcNmlHrs01,10497
Villager's poster,,1000,250,Brown,Beige,1x1,Amiibo,"In the Special Items section in Nook Shopping, after scanning the related Amiibo on Photopia",1.0.0,For sale,PosterVillager,10741
Violet's poster,,1000,250,Pink,Gray,1x1,Amiibo,"In the Special Items section in Nook Shopping, after scanning the related Amiibo on Photopia",1.0.0,For sale,PosterNpcNmlGor07,10499
Vivian's poster,,1000,250,Black,Blue,1x1,Amiibo,"In the Special Items section in Nook Shopping, after scanning the related Amiibo on Photopia",1.0.0,For sale,PosterNpcNmlWol08,10603
Vladimir's poster,,1000,250,Gray,Green,1x1,Amiibo,"In the Special Items section in Nook Shopping, after scanning the related Amiibo on Photopia",1.0.0,For sale,PosterNpcNmlCbr06,10362
Wade's poster,,1000,250,Gray,Brown,1x1,Amiibo,"In the Special Items section in Nook Shopping, after scanning the related Amiibo on Photopia",1.0.0,For sale,PosterNpcNmlPgn09,10614
Walker's poster,,1000,250,Orange,Green,1x1,Amiibo,"In the Special Items section in Nook Shopping, after scanning the related Amiibo on Photopia",1.0.0,For sale,PosterNpcNmlDog06,10330
Walt's poster,,1000,250,Pink,Beige,1x1,Amiibo,"In the Special Items section in Nook Shopping, after scanning the related Amiibo on Photopia",1.0.0,For sale,PosterNpcNmlKgr08,10559
Wart Jr.'s poster,,1000,250,Light blue,Beige,1x1,Amiibo,"In the Special Items section in Nook Shopping, after scanning the related Amiibo on Photopia",1.0.0,For sale,PosterNpcNmlFlg05,10465
Weber's poster,,1000,250,Red,Light blue,1x1,Amiibo,"In the Special Items section in Nook Shopping, after scanning the related Amiibo on Photopia",1.0.0,For sale,PosterNpcNmlDuk11,10636
Wendell's poster,,1000,250,Light blue,Brown,1x1,Amiibo,"In the Special Items section in Nook Shopping, after scanning the related Amiibo on Photopia",1.0.0,For sale,PosterNpcSpWrl,10434
Wendy's poster,,1000,250,Yellow,Pink,1x1,Amiibo,"In the Special Items section in Nook Shopping, after scanning the related Amiibo on Photopia",1.0.0,For sale,PosterNpcNmlShp09,10381
Whitney's poster,,1000,250,Beige,Light blue,1x1,Amiibo,"In the Special Items section in Nook Shopping, after scanning the related Amiibo on Photopia",1.0.0,For sale,PosterNpcNmlWol03,10377
Willow's poster,,1000,250,Blue,Brown,1x1,Amiibo,"In the Special Items section in Nook Shopping, after scanning the related Amiibo on Photopia",1.0.0,For sale,PosterNpcNmlShp07,10327
Winnie's poster,,1000,250,Blue,Green,1x1,Amiibo,"In the Special Items section in Nook Shopping, after scanning the related Amiibo on Photopia",1.0.0,For sale,PosterNpcNmlHrs05,10663
Wolfgang's poster,,1000,250,Black,White,1x1,Amiibo,"In the Special Items section in Nook Shopping, after scanning the related Amiibo on Photopia",1.0.0,For sale,PosterNpcNmlWol02,10472
Yuka's poster,,1000,250,Yellow,Pink,1x1,Amiibo,"In the Special Items section in Nook Shopping, after scanning the related Amiibo on Photopia",1.0.0,For sale,PosterNpcNmlKal00,10683
Zell's poster,,1000,250,Beige,Blue,1x1,Amiibo,"In the Special Items section in Nook Shopping, after scanning the related Amiibo on Photopia",1.0.0,For sale,PosterNpcNmlDer02,10389
Zipper's poster,,1000,250,Yellow,Pink,1x1,Amiibo,"In the Special Items section in Nook Shopping, after scanning the related Amiibo on Photopia",1.0.0,For sale,PosterNpcSpPyn,10522
Zucker's poster,,1000,250,Beige,Blue,1x1,Amiibo,"In the Special Items section in Nook Shopping, after scanning the related Amiibo on Photopia",1.0.0,For sale,PosterNpcNmlOcp02,10569